{
    "R2_mean": 0.954879745786058,
    "R2_std": 0.001522624113747024,
    "R2_all": [
        0.9556597449597418,
        0.9540516550956488,
        0.9538787849590447,
        0.9574953972613421,
        0.9533131466545127
    ],
    "MSE_mean": 0.001347033947784198,
    "MSE_std": 4.7024657107398986e-05,
    "MSE_all": [
        0.0013284278101361264,
        0.0013527939680984024,
        0.0013789467958599168,
        0.0012686637256240194,
        0.0014063374392025247
    ],
    "MAE_mean": 0.014990668675029023,
    "MAE_std": 0.00020203173241886392,
    "MAE_all": [
        0.015226949561145562,
        0.014845646865307885,
        0.015016161308419117,
        0.014687590177265437,
        0.015176995463007114
    ]
}